Class,Precision,Recall,F1,Support
Cat,0.9881439084219134,0.9434035909445746,0.9652555910543131,2562
Dog,0.9840933191940615,0.9649913344887349,0.9744487224361218,2885
Bird,0.9912463526469362,0.9007575757575758,0.9438380631077595,2640
Unknown,0.860096930533118,0.9925428784489188,0.9215855980612775,2682
