{
    "dataset": {
        "name": "Official Open Images V7 Test",
        "path": "Model Building/Datasets/Final Dataset/Test",
        "class_names": [
            "Cat",
            "Dog",
            "Bird",
            "Unknown"
        ],
        "class_counts": {
            "Cat": 2562,
            "Dog": 2885,
            "Bird": 2640,
            "Unknown": 2682
        },
        "images_evaluated": 10769
    },
    "model": {
        "path": "Model Building/Models/Final/cat_dog_bird_unknown.keras",
        "input_shape": [
            224,
            224,
            3
        ],
        "output_classes": 4
    },
    "preprocessing": {
        "colour_mode": "RGB",
        "resize_method": "Bilinear aspect-ratio-preserving resize with padding",
        "input_size": [
            224,
            224
        ],
        "input_pixel_range": "[0,255]",
        "efficientnet_preprocessing": "Included inside the model"
    },
    "prediction": {
        "decision_rule": "Highest predicted probability (argmax)",
        "confidence_threshold": null
    },
    "metrics": {
        "images_evaluated": 10769,
        "accuracy": 0.95097037793667,
        "balanced_accuracy": 0.950423844909951,
        "macro_precision": 0.9558951276990072,
        "macro_recall": 0.950423844909951,
        "macro_f1": 0.951281993664868,
        "weighted_precision": 0.9559294510102649,
        "weighted_recall": 0.95097037793667,
        "weighted_f1": 0.9515920186752895,
        "mean_prediction_confidence": 0.9765301942825317,
        "evaluation_seconds": 208.158373192,
        "images_per_second": 51.73464720569731,
        "average_milliseconds_per_image": 19.3294059979571
    },
    "class_metrics": [
        {
            "Class": "Cat",
            "Precision": 0.9881439084219134,
            "Recall": 0.9434035909445746,
            "F1": 0.9652555910543131,
            "Support": 2562
        },
        {
            "Class": "Dog",
            "Precision": 0.9840933191940615,
            "Recall": 0.9649913344887349,
            "F1": 0.9744487224361218,
            "Support": 2885
        },
        {
            "Class": "Bird",
            "Precision": 0.9912463526469362,
            "Recall": 0.9007575757575758,
            "F1": 0.9438380631077595,
            "Support": 2640
        },
        {
            "Class": "Unknown",
            "Precision": 0.860096930533118,
            "Recall": 0.9925428784489188,
            "F1": 0.9215855980612775,
            "Support": 2682
        }
    ],
    "runtime": {
        "tensorflow_version": "2.21.0",
        "random_seed": 42,
        "mixed_precision_policy": "float32",
        "deterministic_operations": true,
        "oneDNN_custom_operations": false,
        "tensorfloat_32_execution": false
    }
}